Date,Material,Type,Price,Currency,Quantity,Supplier
2022/1/11,Tape,BOPP,41.25,CNY,61,Supplier Y
2022/1/12,Tape,BOPP,42.18,CNY,150,Supplier Z
2022/1/13,Tape,BOPP,21.01,CNY,64,Supplier Y
2022/1/14,Tape,BOPP,23.48,CNY,192,Supplier Z
2022/1/15,Tape,BOPP,35.61,CNY,111,Supplier X
2022/1/16,Tape,BOPP,23.05,CNY,178,Supplier X
2022/1/17,Tape,BOPP,32.77,CNY,186,Supplier Y
2022/1/18,Tape,BOPP,25.47,CNY,162,Supplier Y
2022/1/19,Tape,BOPP,23.7,CNY,130,Supplier Z
2022/1/20,Tape,BOPP,37.02,CNY,102,Supplier Y
2022/1/21,Tape,BOPP,38.21,CNY,73,Supplier X
2022/1/22,Tape,BOPP,28.02,CNY,119,Supplier X
2022/1/23,Tape,BOPP,24.36,CNY,177,Supplier Z
2022/1/24,Tape,BOPP,41.93,CNY,148,Supplier Z
2022/1/25,Tape,BOPP,44.91,CNY,189,Supplier X
2022/1/26,Tape,BOPP,41.41,CNY,103,Supplier X
2022/1/27,Tape,BOPP,20.23,CNY,148,Supplier X
2022/1/28,Tape,BOPP,36.3,CNY,117,Supplier X
2022/1/29,Tape,BOPP,33.56,CNY,164,Supplier Y
2022/1/30,Tape,BOPP,30.86,CNY,70,Supplier Y
2022/1/31,Tape,BOPP,34.3,CNY,98,Supplier X
2022/2/1,Tape,BOPP,43.83,CNY,142,Supplier X
2022/2/2,Tape,BOPP,27.64,CNY,116,Supplier Y
2022/2/3,Tape,BOPP,35.38,CNY,135,Supplier Z
2022/2/4,Tape,BOPP,37.72,CNY,88,Supplier X
2022/2/5,Tape,BOPP,20.13,CNY,85,Supplier X
2022/2/6,Tape,BOPP,20.69,CNY,147,Supplier Y
2022/2/7,Tape,BOPP,27.16,CNY,107,Supplier Y
2022/2/8,Tape,BOPP,40.7,CNY,109,Supplier X
2022/2/9,Tape,BOPP,37.49,CNY,101,Supplier X
2022/2/10,Tape,BOPP,30.84,CNY,107,Supplier Z
2022/2/11,Tape,BOPP,21.45,CNY,171,Supplier X
2022/2/12,Tape,BOPP,27,CNY,65,Supplier X
2022/2/13,Tape,BOPP,28.9,CNY,135,Supplier X
2022/2/14,Tape,BOPP,39.08,CNY,134,Supplier Z
2022/2/15,Tape,BOPP,26.52,CNY,187,Supplier Y
2022/2/16,Tape,BOPP,43.61,CNY,177,Supplier Z
2022/2/17,Tape,BOPP,40.28,CNY,150,Supplier Z
2022/2/18,Tape,BOPP,29.43,CNY,84,Supplier Z
2022/2/19,Tape,BOPP,40.36,CNY,154,Supplier Z
2022/2/20,Tape,BOPP,40.09,CNY,187,Supplier X
2022/2/21,Tape,BOPP,43.27,CNY,86,Supplier X
2022/2/22,Tape,BOPP,33.36,CNY,133,Supplier X
2022/2/23,Tape,BOPP,27.98,CNY,177,Supplier Z
2022/2/24,Tape,BOPP,33.84,CNY,102,Supplier Z
2022/2/25,Tape,BOPP,21.4,CNY,124,Supplier Y
2022/2/26,Tape,BOPP,40.96,CNY,190,Supplier Y
2022/2/27,Tape,BOPP,25.83,CNY,185,Supplier X
2022/2/28,Tape,BOPP,37.7,CNY,68,Supplier X
2022/3/1,Tape,BOPP,32.32,CNY,190,Supplier Y
2022/3/2,Tape,BOPP,34.58,CNY,162,Supplier X
2022/3/3,Tape,BOPP,42.28,CNY,167,Supplier X
2022/3/4,Tape,BOPP,27.36,CNY,50,Supplier X
2022/3/5,Tape,BOPP,43.76,CNY,151,Supplier X
2022/3/6,Tape,BOPP,26.65,CNY,150,Supplier X
2022/3/7,Tape,BOPP,21.91,CNY,183,Supplier Y
2022/3/8,Tape,BOPP,41.65,CNY,158,Supplier X
2022/3/9,Tape,BOPP,38.74,CNY,135,Supplier Z
2022/3/10,Tape,BOPP,21.41,CNY,55,Supplier X
2022/3/11,Tape,BOPP,38.15,CNY,132,Supplier X
2022/3/12,Tape,BOPP,41.96,CNY,81,Supplier Y
2022/3/13,Tape,BOPP,33,CNY,61,Supplier X
2022/3/14,Tape,BOPP,23.35,CNY,96,Supplier Z
2022/3/15,Tape,BOPP,35.43,CNY,87,Supplier Y
2022/3/16,Tape,BOPP,32.85,CNY,128,Supplier Y
2022/3/18,Tape,BOPP,34.49,CNY,164,Supplier Z
2022/3/19,Tape,BOPP,42.42,CNY,142,Supplier Y
2022/3/20,Tape,BOPP,24.43,CNY,198,Supplier Y
2022/3/21,Tape,BOPP,37.26,CNY,122,Supplier Y
2022/3/22,Tape,BOPP,43.02,CNY,110,Supplier X
2022/3/23,Tape,BOPP,43.1,CNY,63,Supplier Y
2022/3/24,Tape,BOPP,26.31,CNY,56,Supplier Z
2022/3/25,Tape,BOPP,28.85,CNY,164,Supplier Z
2022/3/26,Tape,BOPP,41.02,CNY,135,Supplier Y
2022/3/27,Tape,BOPP,39.73,CNY,158,Supplier Y
2022/3/28,Tape,BOPP,34.11,CNY,91,Supplier X
2022/3/29,Tape,BOPP,28.26,CNY,170,Supplier X
2022/3/30,Tape,BOPP,24.66,CNY,111,Supplier Y
2022/3/31,Tape,BOPP,44.56,CNY,55,Supplier Y
2022/4/1,Tape,BOPP,24.27,CNY,111,Supplier X
2022/4/2,Tape,BOPP,24.68,CNY,167,Supplier Z
2022/4/3,Tape,BOPP,39.19,CNY,87,Supplier X
2022/4/4,Tape,BOPP,31.36,CNY,54,Supplier Z
2022/4/5,Tape,BOPP,23.47,CNY,122,Supplier X
2022/4/6,Tape,BOPP,43.24,CNY,111,Supplier Y
2022/4/7,Tape,BOPP,21.66,CNY,89,Supplier Y
2022/4/8,Tape,BOPP,40.63,CNY,54,Supplier Z
2022/4/9,Tape,BOPP,40.41,CNY,88,Supplier Y
2022/4/10,Tape,BOPP,34.44,CNY,194,Supplier X
2022/4/11,Tape,BOPP,35.69,CNY,91,Supplier Z
2022/4/12,Tape,BOPP,27.79,CNY,82,Supplier Y
2022/4/13,Tape,BOPP,22.57,CNY,190,Supplier Z
2022/4/14,Tape,BOPP,25.73,CNY,125,Supplier X
2022/4/15,Tape,BOPP,26.29,CNY,118,Supplier Z
2022/4/16,Tape,BOPP,27.2,CNY,156,Supplier Y
2022/4/17,Tape,BOPP,43.06,CNY,121,Supplier Z
2022/4/18,Tape,BOPP,22.61,CNY,90,Supplier Y
2022/4/19,Tape,BOPP,24.66,CNY,106,Supplier X
2022/4/20,Tape,BOPP,21.37,CNY,186,Supplier Y
2022/4/21,Tape,BOPP,41.59,CNY,87,Supplier Y
2022/4/22,Tape,BOPP,23.52,CNY,74,Supplier Z
2022/4/23,Tape,BOPP,35.81,CNY,163,Supplier X
2022/4/24,Tape,BOPP,22.13,CNY,153,Supplier X
2022/4/25,Tape,BOPP,28.73,CNY,78,Supplier X
2022/4/26,Tape,BOPP,31.33,CNY,162,Supplier Y
2022/4/27,Tape,BOPP,38.83,CNY,59,Supplier Y
2022/4/28,Tape,BOPP,41.67,CNY,57,Supplier X
2022/4/29,Tape,BOPP,28.48,CNY,116,Supplier Z
2022/4/30,Tape,BOPP,35.08,CNY,95,Supplier Z
2022/5/2,Tape,BOPP,42.77,CNY,197,Supplier Z
2022/5/3,Tape,BOPP,28.63,CNY,186,Supplier Y
2022/5/4,Tape,BOPP,41.71,CNY,169,Supplier Z
2022/5/5,Tape,BOPP,33.54,CNY,74,Supplier Z
2022/5/6,Tape,BOPP,37.28,CNY,86,Supplier Z
2022/5/7,Tape,BOPP,21.68,CNY,171,Supplier Z
2022/5/8,Tape,BOPP,38.3,CNY,147,Supplier X
2022/5/9,Tape,BOPP,21.17,CNY,103,Supplier Z
2022/5/10,Tape,BOPP,27.22,CNY,162,Supplier Z
2022/5/11,Tape,BOPP,32.09,CNY,85,Supplier Z
2022/5/12,Tape,BOPP,28.79,CNY,178,Supplier X
2022/5/13,Tape,BOPP,21.94,CNY,157,Supplier Z
2022/5/14,Tape,BOPP,39.75,CNY,106,Supplier Z
2022/5/15,Tape,BOPP,40.16,CNY,167,Supplier Y
2022/5/16,Tape,BOPP,20.99,CNY,59,Supplier Z
2022/5/17,Tape,BOPP,23.01,CNY,56,Supplier X
2022/5/18,Tape,BOPP,41.55,CNY,195,Supplier Z
2022/5/19,Tape,BOPP,21.92,CNY,86,Supplier Z
2022/5/20,Tape,BOPP,36.54,CNY,190,Supplier Y
2022/5/21,Tape,BOPP,20.01,CNY,62,Supplier X
2022/5/22,Tape,BOPP,39.18,CNY,111,Supplier X
2022/5/23,Tape,BOPP,38.31,CNY,52,Supplier X
2022/5/24,Tape,BOPP,29.61,CNY,137,Supplier Z
2022/5/25,Tape,BOPP,43.62,CNY,60,Supplier Y
2022/5/26,Tape,BOPP,25.76,CNY,159,Supplier Y
2022/5/27,Tape,BOPP,40.02,CNY,103,Supplier Z
2022/5/28,Tape,BOPP,29.91,CNY,131,Supplier Y
2022/5/29,Tape,BOPP,33.42,CNY,122,Supplier Y
2022/5/30,Tape,BOPP,42.22,CNY,125,Supplier Y
2022/5/31,Tape,BOPP,20.13,CNY,182,Supplier Y
2022/6/1,Tape,BOPP,32.38,CNY,111,Supplier X
2022/6/2,Tape,BOPP,33.03,CNY,129,Supplier X
2022/6/3,Tape,BOPP,43.25,CNY,149,Supplier Z
2022/6/4,Tape,BOPP,20.73,CNY,72,Supplier Y
2022/6/5,Tape,BOPP,40.8,CNY,61,Supplier Z
2022/6/6,Tape,BOPP,29.42,CNY,137,Supplier X
2022/6/7,Tape,BOPP,44.07,CNY,112,Supplier Z
2022/6/8,Tape,BOPP,37.71,CNY,167,Supplier X
2022/6/9,Tape,BOPP,44.22,CNY,174,Supplier Z
2022/6/10,Tape,BOPP,31.15,CNY,78,Supplier X
2022/6/11,Tape,BOPP,39.32,CNY,133,Supplier Y
2022/6/12,Tape,BOPP,43.59,CNY,150,Supplier Z
2022/6/13,Tape,BOPP,42.35,CNY,64,Supplier Y
2022/6/14,Tape,BOPP,41.61,CNY,76,Supplier Y
2022/6/15,Tape,BOPP,33.26,CNY,180,Supplier X
2022/6/16,Tape,BOPP,32.04,CNY,66,Supplier Y
2022/6/17,Tape,BOPP,34.55,CNY,166,Supplier Y
2022/6/18,Tape,BOPP,37.01,CNY,131,Supplier Y
2022/6/19,Tape,BOPP,42.7,CNY,60,Supplier Y
2022/6/20,Tape,BOPP,32.47,CNY,135,Supplier X
2022/6/21,Tape,BOPP,29.92,CNY,152,Supplier Y
2022/6/22,Tape,BOPP,23.11,CNY,172,Supplier Y
2022/6/23,Tape,BOPP,43.38,CNY,121,Supplier Y
2022/6/24,Tape,BOPP,36.52,CNY,181,Supplier Y
2022/6/25,Tape,BOPP,22.04,CNY,61,Supplier Z
2022/6/26,Tape,BOPP,31.75,CNY,185,Supplier X
2022/6/27,Tape,BOPP,25.71,CNY,145,Supplier X
2022/6/28,Tape,BOPP,31.57,CNY,143,Supplier X
2022/6/29,Tape,BOPP,44.69,CNY,99,Supplier X
2022/6/30,Tape,BOPP,42.52,CNY,55,Supplier Z
2022/7/1,Tape,BOPP,35.57,CNY,89,Supplier X
2022/7/2,Tape,BOPP,25.94,CNY,127,Supplier Y
2022/7/3,Tape,BOPP,41.77,CNY,160,Supplier Y
2022/7/4,Tape,BOPP,27.8,CNY,77,Supplier Y
2022/7/5,Tape,BOPP,31.34,CNY,188,Supplier Y
2022/7/6,Tape,BOPP,23.64,CNY,182,Supplier Z
2022/7/7,Tape,BOPP,38.41,CNY,98,Supplier X
2022/7/8,Tape,BOPP,22.8,CNY,163,Supplier Y
2022/7/9,Tape,BOPP,31.3,CNY,108,Supplier X
2022/7/10,Tape,BOPP,43.8,CNY,99,Supplier X
2022/7/11,Tape,BOPP,27.7,CNY,129,Supplier Y
2022/7/12,Tape,BOPP,31.09,CNY,54,Supplier Z
2022/7/13,Tape,BOPP,35.45,CNY,185,Supplier Z
2022/7/14,Tape,BOPP,35.02,CNY,80,Supplier Y
2022/7/15,Tape,BOPP,41.66,CNY,138,Supplier X
2022/7/16,Tape,BOPP,30.1,CNY,181,Supplier Y
2022/7/17,Tape,BOPP,40.45,CNY,137,Supplier Y
2022/7/18,Tape,BOPP,29.9,CNY,198,Supplier Z
2022/7/19,Tape,BOPP,34.68,CNY,159,Supplier Y
2022/7/20,Tape,BOPP,31.98,CNY,166,Supplier X
2022/7/21,Tape,BOPP,33.34,CNY,64,Supplier Z
2022/7/22,Tape,BOPP,20.46,CNY,200,Supplier Z
2022/7/23,Tape,BOPP,29.5,CNY,117,Supplier X
2022/7/24,Tape,BOPP,27.68,CNY,84,Supplier Y
2022/7/25,Tape,BOPP,23.05,CNY,56,Supplier Z
2022/7/26,Tape,BOPP,34.18,CNY,91,Supplier Y
2022/7/27,Tape,BOPP,35.04,CNY,167,Supplier X
2022/7/28,Tape,BOPP,29.02,CNY,121,Supplier X
2022/7/29,Tape,BOPP,36.69,CNY,195,Supplier Z
2022/7/30,Tape,BOPP,31.82,CNY,198,Supplier X
2022/7/31,Tape,BOPP,26.42,CNY,126,Supplier X
2022/8/1,Tape,BOPP,31.07,CNY,174,Supplier Z
2022/8/2,Tape,BOPP,42.64,CNY,158,Supplier Y
2022/8/3,Tape,BOPP,28.59,CNY,62,Supplier X
2022/8/4,Tape,BOPP,34.82,CNY,116,Supplier Y
2022/8/5,Tape,BOPP,29.46,CNY,151,Supplier X
2022/8/6,Tape,BOPP,24.38,CNY,80,Supplier Z
2022/8/7,Tape,BOPP,27.52,CNY,185,Supplier Z
2022/8/8,Tape,BOPP,41.05,CNY,198,Supplier Y
2022/8/9,Tape,BOPP,21.58,CNY,85,Supplier X
2022/8/10,Tape,BOPP,29.92,CNY,200,Supplier Y
2022/8/11,Tape,BOPP,34.16,CNY,61,Supplier Z
2022/8/12,Tape,BOPP,39.75,CNY,63,Supplier X
2022/8/13,Tape,BOPP,36.02,CNY,74,Supplier Y
2022/8/14,Tape,BOPP,35.16,CNY,103,Supplier Y
2022/8/15,Tape,BOPP,29.19,CNY,185,Supplier X
2022/8/16,Tape,BOPP,43.41,CNY,69,Supplier Y
2022/8/17,Tape,BOPP,23.8,CNY,54,Supplier Z
2022/8/18,Tape,BOPP,44.59,CNY,132,Supplier X
2022/8/19,Tape,BOPP,32.74,CNY,152,Supplier X
2022/8/20,Tape,BOPP,30.65,CNY,112,Supplier X
2022/8/21,Tape,BOPP,40.69,CNY,135,Supplier X
2022/8/22,Tape,BOPP,39.01,CNY,107,Supplier Z
2022/8/23,Tape,BOPP,43.99,CNY,188,Supplier Z
2022/8/24,Tape,BOPP,31.9,CNY,91,Supplier X
2022/8/25,Tape,BOPP,43.57,CNY,179,Supplier X
2022/8/26,Tape,BOPP,31.25,CNY,128,Supplier X
2022/8/27,Tape,BOPP,21.2,CNY,136,Supplier Z
2022/8/28,Tape,BOPP,27.41,CNY,188,Supplier Z
2022/8/29,Tape,BOPP,36.51,CNY,145,Supplier Y
2022/8/30,Tape,BOPP,44.4,CNY,98,Supplier Y
2022/8/31,Tape,BOPP,42.4,CNY,59,Supplier X
2022/9/1,Tape,BOPP,23.2,CNY,64,Supplier X
2022/9/2,Tape,BOPP,26.84,CNY,81,Supplier Z
2022/9/3,Tape,BOPP,41.53,CNY,61,Supplier X
2022/9/4,Tape,BOPP,38.21,CNY,184,Supplier Z
2022/9/5,Tape,BOPP,38.2,CNY,51,Supplier X
2022/9/6,Tape,BOPP,30.34,CNY,146,Supplier Z
2022/9/7,Tape,BOPP,41.93,CNY,160,Supplier Y
2022/9/8,Tape,BOPP,26.95,CNY,113,Supplier Y
2022/9/9,Tape,BOPP,29.38,CNY,186,Supplier Y
2022/9/10,Tape,BOPP,43.95,CNY,170,Supplier Z
2022/9/11,Tape,BOPP,31.22,CNY,69,Supplier Y
2022/9/12,Tape,BOPP,20.73,CNY,53,Supplier X
2022/9/13,Tape,BOPP,21.62,CNY,129,Supplier Y
2022/9/14,Tape,BOPP,26.75,CNY,109,Supplier Z
2022/9/15,Tape,BOPP,44.55,CNY,166,Supplier Z
2022/9/16,Tape,BOPP,25.9,CNY,112,Supplier X
2022/9/17,Tape,BOPP,24.34,CNY,53,Supplier Z
2022/9/18,Tape,BOPP,43.76,CNY,118,Supplier X
2022/9/19,Tape,BOPP,34.65,CNY,167,Supplier X
2022/9/20,Tape,BOPP,25.64,CNY,118,Supplier X
2022/9/21,Tape,BOPP,35.78,CNY,175,Supplier Z
2022/9/22,Tape,BOPP,25.63,CNY,157,Supplier X
2022/9/23,Tape,BOPP,27.05,CNY,184,Supplier Z
2022/9/24,Tape,BOPP,39.42,CNY,93,Supplier X
2022/9/25,Tape,BOPP,30.28,CNY,56,Supplier Y
2022/9/26,Tape,BOPP,40.7,CNY,169,Supplier Y
2022/9/27,Tape,BOPP,24.95,CNY,98,Supplier Z
2022/9/28,Tape,BOPP,26.27,CNY,120,Supplier Y
2022/9/29,Tape,BOPP,33.56,CNY,135,Supplier X
2022/9/30,Tape,BOPP,36.6,CNY,106,Supplier Y
2022/10/1,Tape,BOPP,32.81,CNY,108,Supplier Y
2022/10/2,Tape,BOPP,24.12,CNY,176,Supplier Y
2022/10/3,Tape,BOPP,25.97,CNY,107,Supplier Y
2022/10/4,Tape,BOPP,29.77,CNY,55,Supplier Z
2022/10/5,Tape,BOPP,44.11,CNY,61,Supplier Y
2022/10/6,Tape,BOPP,29.9,CNY,153,Supplier Y
2022/10/7,Tape,BOPP,42.65,CNY,163,Supplier Z
2022/10/8,Tape,BOPP,27.83,CNY,159,Supplier Y
2022/10/9,Tape,BOPP,30.44,CNY,168,Supplier X
2022/10/10,Tape,BOPP,30.69,CNY,177,Supplier Z
2022/10/11,Tape,BOPP,25.24,CNY,182,Supplier Z
2022/10/12,Tape,BOPP,31.78,CNY,157,Supplier X
2022/10/13,Tape,BOPP,22.52,CNY,83,Supplier X
2022/10/14,Tape,BOPP,38.45,CNY,157,Supplier Z
2022/10/15,Tape,BOPP,28.13,CNY,96,Supplier Z
2022/10/16,Tape,BOPP,28.51,CNY,96,Supplier Y
2022/10/17,Tape,BOPP,42.59,CNY,194,Supplier Z
2022/10/18,Tape,BOPP,20,CNY,140,Supplier Y
2022/10/19,Tape,BOPP,29.51,CNY,79,Supplier Z
2022/10/20,Tape,BOPP,42.95,CNY,199,Supplier X
2022/10/21,Tape,BOPP,44.07,CNY,112,Supplier X
2022/10/22,Tape,BOPP,23.01,CNY,79,Supplier X
2022/10/23,Tape,BOPP,25.66,CNY,127,Supplier Y
2022/10/24,Tape,BOPP,42.31,CNY,176,Supplier Z
2022/10/25,Tape,BOPP,26.69,CNY,99,Supplier X
2022/10/26,Tape,BOPP,40.73,CNY,114,Supplier X
2022/10/27,Tape,BOPP,35.05,CNY,75,Supplier X
2022/10/28,Tape,BOPP,32.81,CNY,77,Supplier Y
2022/10/29,Tape,BOPP,44.6,CNY,121,Supplier Z
2022/10/30,Tape,BOPP,26.92,CNY,142,Supplier X
2022/10/31,Tape,BOPP,32.91,CNY,98,Supplier Y
2022/11/1,Tape,BOPP,31.57,CNY,111,Supplier Y
2022/11/2,Tape,BOPP,35.43,CNY,137,Supplier X
2022/11/3,Tape,BOPP,44.82,CNY,126,Supplier Z
2022/11/4,Tape,BOPP,27.73,CNY,94,Supplier Y
2022/11/5,Tape,BOPP,26.44,CNY,133,Supplier Y
2022/11/6,Tape,BOPP,23.03,CNY,133,Supplier X
2022/11/7,Tape,BOPP,36.15,CNY,100,Supplier Z
2022/11/8,Tape,BOPP,41.84,CNY,133,Supplier Y
2022/11/9,Tape,BOPP,23.55,CNY,130,Supplier X
2022/11/10,Tape,BOPP,40.2,CNY,176,Supplier Z
2022/11/11,Tape,BOPP,21.94,CNY,122,Supplier X
2022/11/12,Tape,BOPP,30.77,CNY,153,Supplier Z
2022/11/13,Tape,BOPP,36.14,CNY,105,Supplier X
2022/11/14,Tape,BOPP,28.52,CNY,175,Supplier Z
2022/11/15,Tape,BOPP,31.35,CNY,181,Supplier X
2022/11/16,Tape,BOPP,23.39,CNY,156,Supplier Z
2022/11/17,Tape,BOPP,27.23,CNY,171,Supplier X
2022/11/18,Tape,BOPP,40.67,CNY,162,Supplier X
2022/11/19,Tape,BOPP,23.85,CNY,98,Supplier X
2022/11/20,Tape,BOPP,40.67,CNY,158,Supplier Z
2022/11/21,Tape,BOPP,33.94,CNY,178,Supplier Z
2022/11/22,Tape,BOPP,42.01,CNY,153,Supplier Y
2022/11/23,Tape,BOPP,31.89,CNY,167,Supplier Z
2022/11/24,Tape,BOPP,31.46,CNY,198,Supplier Y
2022/11/25,Tape,BOPP,43.6,CNY,66,Supplier Z
2022/11/26,Tape,BOPP,25.08,CNY,200,Supplier Z
2022/11/27,Tape,BOPP,43.9,CNY,97,Supplier Z
2022/11/28,Tape,BOPP,42.33,CNY,196,Supplier Z
2022/11/29,Tape,BOPP,20.48,CNY,71,Supplier X
2022/11/30,Tape,BOPP,36.11,CNY,84,Supplier Y
2022/12/1,Tape,BOPP,40.71,CNY,120,Supplier Y
2022/12/2,Tape,BOPP,20.14,CNY,185,Supplier X
2022/12/3,Tape,BOPP,32.19,CNY,177,Supplier Y
2022/12/4,Tape,BOPP,43.69,CNY,83,Supplier X
2022/12/5,Tape,BOPP,41.05,CNY,173,Supplier Y
2022/12/6,Tape,BOPP,30.03,CNY,169,Supplier Y
2022/12/7,Tape,BOPP,33.72,CNY,62,Supplier X
2022/12/8,Tape,BOPP,37.99,CNY,81,Supplier Y
2022/12/9,Tape,BOPP,40.1,CNY,71,Supplier Y
2022/12/10,Tape,BOPP,23.97,CNY,83,Supplier Y
2022/12/11,Tape,BOPP,22.57,CNY,142,Supplier Y
2022/12/12,Tape,BOPP,28.51,CNY,170,Supplier X
2022/12/13,Tape,BOPP,41.66,CNY,149,Supplier Y
2022/12/14,Tape,BOPP,22.23,CNY,109,Supplier Z
2022/12/15,Tape,BOPP,36.66,CNY,73,Supplier Z
2022/12/16,Tape,BOPP,35.86,CNY,86,Supplier Y
2022/12/17,Tape,BOPP,31.44,CNY,195,Supplier Y
2022/12/18,Tape,BOPP,37.99,CNY,186,Supplier X
2022/12/19,Tape,BOPP,35.19,CNY,186,Supplier Z
2022/12/20,Tape,BOPP,24.98,CNY,149,Supplier X
2022/12/21,Tape,BOPP,33.6,CNY,96,Supplier X
2022/12/22,Tape,BOPP,37.73,CNY,191,Supplier Y
2022/12/23,Tape,BOPP,26.67,CNY,78,Supplier Z
2022/12/24,Tape,BOPP,39.35,CNY,153,Supplier Y
2022/12/25,Tape,BOPP,32.95,CNY,106,Supplier Y
2022/12/26,Tape,BOPP,36.89,CNY,124,Supplier X
2022/12/27,Tape,BOPP,37.75,CNY,147,Supplier Y
2022/12/28,Tape,BOPP,44.76,CNY,168,Supplier X
2022/12/29,Tape,BOPP,25.12,CNY,139,Supplier Z
2022/12/30,Tape,BOPP,23.67,CNY,153,Supplier Z
2022/12/31,Tape,BOPP,31.75,CNY,96,Supplier Z
2023/1/10,Tape,BOPP,22.96,CNY,58,Supplier Y
2023/1/11,Tape,BOPP,32.04,CNY,116,Supplier X
2023/1/12,Tape,BOPP,35.55,CNY,165,Supplier X
2023/1/13,Tape,BOPP,24.79,CNY,158,Supplier Z
2023/1/14,Tape,BOPP,41.67,CNY,117,Supplier X
2023/1/15,Tape,BOPP,40.99,CNY,158,Supplier Z
2023/1/16,Tape,BOPP,39.51,CNY,155,Supplier Z
2023/1/17,Tape,BOPP,34.85,CNY,95,Supplier Y
2023/1/18,Tape,BOPP,22.38,CNY,76,Supplier Z
2023/1/19,Tape,BOPP,31.58,CNY,165,Supplier Z
2023/1/20,Tape,BOPP,30.41,CNY,103,Supplier Y
2023/1/21,Tape,BOPP,30.94,CNY,177,Supplier Z
2023/1/22,Tape,BOPP,35.24,CNY,79,Supplier Y
2023/1/23,Tape,BOPP,44.99,CNY,88,Supplier Y
2023/1/24,Tape,BOPP,37.73,CNY,58,Supplier X
2023/1/25,Tape,BOPP,37.86,CNY,198,Supplier X
2023/1/26,Tape,BOPP,43.32,CNY,137,Supplier Y
2023/1/27,Tape,BOPP,37.36,CNY,175,Supplier X
2023/1/28,Tape,BOPP,41.41,CNY,112,Supplier X
2023/1/29,Tape,BOPP,32.06,CNY,149,Supplier Y
2023/1/30,Tape,BOPP,44.26,CNY,181,Supplier Z
2023/1/31,Tape,BOPP,32.62,CNY,76,Supplier Y
2023/2/1,Tape,BOPP,41.98,CNY,138,Supplier Z
2023/2/2,Tape,BOPP,39.92,CNY,56,Supplier Y
2023/2/3,Tape,BOPP,33.72,CNY,175,Supplier X
2023/2/4,Tape,BOPP,41.95,CNY,118,Supplier Y
2023/2/5,Tape,BOPP,28.31,CNY,96,Supplier Z
2023/2/6,Tape,BOPP,30.46,CNY,103,Supplier X
2023/2/7,Tape,BOPP,20.29,CNY,111,Supplier X
2023/2/8,Tape,BOPP,38.45,CNY,120,Supplier Z
2023/2/9,Tape,BOPP,37.24,CNY,88,Supplier Z
2023/2/10,Tape,BOPP,35.59,CNY,160,Supplier Y
2023/2/11,Tape,BOPP,31.27,CNY,145,Supplier Y
2023/2/12,Tape,BOPP,22.65,CNY,59,Supplier X
2023/2/13,Tape,BOPP,35.63,CNY,74,Supplier X
2023/2/14,Tape,BOPP,31.26,CNY,178,Supplier Y
2023/2/15,Tape,BOPP,22.55,CNY,163,Supplier Z
2023/2/16,Tape,BOPP,40.43,CNY,172,Supplier X
2023/2/17,Tape,BOPP,37.52,CNY,88,Supplier X
2023/2/18,Tape,BOPP,21.93,CNY,83,Supplier Z
2023/2/19,Tape,BOPP,29.31,CNY,187,Supplier Y
2023/2/20,Tape,BOPP,32.84,CNY,169,Supplier Z
2023/2/21,Tape,BOPP,26.72,CNY,77,Supplier X
2023/2/22,Tape,BOPP,35.76,CNY,156,Supplier Z
2023/2/23,Tape,BOPP,40.62,CNY,199,Supplier Z
2023/2/24,Tape,BOPP,32.28,CNY,117,Supplier Z
2023/2/25,Tape,BOPP,43.1,CNY,134,Supplier X
2023/2/26,Tape,BOPP,37.13,CNY,84,Supplier X
2023/2/27,Tape,BOPP,28.92,CNY,112,Supplier Y
2023/2/28,Tape,BOPP,28.17,CNY,155,Supplier Y
2023/3/1,Tape,BOPP,33.83,CNY,84,Supplier Z
2023/3/2,Tape,BOPP,31.55,CNY,106,Supplier Z
2023/3/3,Tape,BOPP,29.62,CNY,161,Supplier Z
2023/3/4,Tape,BOPP,27.42,CNY,82,Supplier Y
2023/3/5,Tape,BOPP,32.98,CNY,77,Supplier Z
2023/3/6,Tape,BOPP,38.73,CNY,121,Supplier Z
2023/3/7,Tape,BOPP,38.84,CNY,147,Supplier Z
2023/3/8,Tape,BOPP,32.39,CNY,110,Supplier X
2023/3/9,Tape,BOPP,39.12,CNY,56,Supplier Y
2023/3/10,Tape,BOPP,21.73,CNY,180,Supplier Z
2023/3/11,Tape,BOPP,31.63,CNY,135,Supplier X
2023/3/12,Tape,BOPP,41.37,CNY,64,Supplier Z
2023/3/13,Tape,BOPP,21.67,CNY,71,Supplier Y
2023/3/14,Tape,BOPP,21.85,CNY,115,Supplier X
2023/3/15,Tape,BOPP,21.75,CNY,113,Supplier Z
2023/3/16,Tape,BOPP,28.75,CNY,145,Supplier Z
2023/3/17,Tape,BOPP,40.11,CNY,110,Supplier Z
2023/3/18,Tape,BOPP,28.76,CNY,107,Supplier X
2023/3/19,Tape,BOPP,28.67,CNY,183,Supplier X
2023/3/20,Tape,BOPP,42.23,CNY,111,Supplier Y
2023/3/21,Tape,BOPP,24.63,CNY,179,Supplier Y
2023/3/22,Tape,BOPP,37.4,CNY,189,Supplier Z
2023/3/23,Tape,BOPP,37.31,CNY,110,Supplier X
2023/3/24,Tape,BOPP,26.62,CNY,181,Supplier Z
2023/3/25,Tape,BOPP,31.6,CNY,71,Supplier Y
2023/3/26,Tape,BOPP,36.67,CNY,183,Supplier X
2023/3/27,Tape,BOPP,40.32,CNY,174,Supplier Y
2023/3/28,Tape,BOPP,41.45,CNY,158,Supplier Z
2023/3/29,Tape,BOPP,29.01,CNY,97,Supplier X
2023/3/30,Tape,BOPP,35.62,CNY,134,Supplier X
2023/3/31,Tape,BOPP,36.9,CNY,110,Supplier Z
2023/4/1,Tape,BOPP,29.29,CNY,77,Supplier X
2023/4/2,Tape,BOPP,40.11,CNY,63,Supplier Z
2023/4/3,Tape,BOPP,43.13,CNY,182,Supplier Z
2023/4/4,Tape,BOPP,38.69,CNY,120,Supplier X
2023/4/5,Tape,BOPP,24.24,CNY,197,Supplier Y
2023/4/6,Tape,BOPP,37.14,CNY,180,Supplier Y
2023/4/7,Tape,BOPP,34.58,CNY,157,Supplier Z
2023/4/8,Tape,BOPP,42.07,CNY,111,Supplier Z
2023/4/9,Tape,BOPP,23.13,CNY,86,Supplier Y
2023/4/10,Tape,BOPP,21.56,CNY,69,Supplier Z
2023/4/11,Tape,BOPP,27.65,CNY,60,Supplier Y
2023/4/12,Tape,BOPP,26.71,CNY,187,Supplier Z
2023/4/13,Tape,BOPP,39.96,CNY,159,Supplier X
2023/4/14,Tape,BOPP,27.56,CNY,85,Supplier X
2023/4/15,Tape,BOPP,26.78,CNY,71,Supplier Y
2023/4/16,Tape,BOPP,27.79,CNY,161,Supplier Y
2023/4/17,Tape,BOPP,21.42,CNY,58,Supplier Y
2023/4/18,Tape,BOPP,24.98,CNY,112,Supplier Z
2023/4/19,Tape,BOPP,38.54,CNY,125,Supplier Y
2023/4/20,Tape,BOPP,37.46,CNY,138,Supplier Y
2023/4/21,Tape,BOPP,38.41,CNY,139,Supplier Y
2023/4/22,Tape,BOPP,23.53,CNY,169,Supplier X
2023/4/23,Tape,BOPP,34.42,CNY,121,Supplier Y
2023/4/24,Tape,BOPP,38.24,CNY,142,Supplier Z
2023/4/25,Tape,BOPP,33,CNY,133,Supplier Z
2023/4/26,Tape,BOPP,35.68,CNY,130,Supplier Y
2023/4/27,Tape,BOPP,43.71,CNY,72,Supplier Y
2023/4/28,Tape,BOPP,20.16,CNY,65,Supplier Z
2023/4/29,Tape,BOPP,29.95,CNY,143,Supplier Y
2023/4/30,Tape,BOPP,35.38,CNY,157,Supplier Z
2023/5/1,Tape,BOPP,40.98,CNY,50,Supplier Z
2023/5/2,Tape,BOPP,24.34,CNY,114,Supplier Z
2023/5/3,Tape,BOPP,25.27,CNY,134,Supplier Z
2023/5/4,Tape,BOPP,27.07,CNY,164,Supplier Z
2023/5/5,Tape,BOPP,35.93,CNY,66,Supplier Y
2023/5/6,Tape,BOPP,32.66,CNY,92,Supplier Y
2023/5/7,Tape,BOPP,26.95,CNY,153,Supplier Z
2023/5/8,Tape,BOPP,21.55,CNY,186,Supplier Z
2023/5/9,Tape,BOPP,31.17,CNY,83,Supplier Z
2023/5/10,Tape,BOPP,24.43,CNY,54,Supplier Z
2023/5/11,Tape,BOPP,26.24,CNY,144,Supplier Y
2023/5/12,Tape,BOPP,31,CNY,115,Supplier Y
2023/5/13,Tape,BOPP,24.33,CNY,165,Supplier Y
2023/5/14,Tape,BOPP,29.75,CNY,119,Supplier X
2023/5/15,Tape,BOPP,22.65,CNY,153,Supplier Z
2023/5/16,Tape,BOPP,22.47,CNY,104,Supplier X
2023/5/17,Tape,BOPP,38.47,CNY,100,Supplier Y
2023/5/18,Tape,BOPP,34.03,CNY,174,Supplier Y
2023/5/19,Tape,BOPP,37.3,CNY,71,Supplier X
2023/5/20,Tape,BOPP,40.52,CNY,148,Supplier X
2023/5/21,Tape,BOPP,40.86,CNY,127,Supplier X
2023/5/22,Tape,BOPP,39.05,CNY,62,Supplier X
2023/5/23,Tape,BOPP,30.52,CNY,75,Supplier Z
2023/5/24,Tape,BOPP,43.2,CNY,62,Supplier Z
2023/5/25,Tape,BOPP,28.87,CNY,149,Supplier Z
2023/5/26,Tape,BOPP,44.06,CNY,148,Supplier X
2023/5/27,Tape,BOPP,20.73,CNY,193,Supplier Y
2023/5/28,Tape,BOPP,27.94,CNY,64,Supplier Z
2023/5/29,Tape,BOPP,29.49,CNY,174,Supplier X
2023/5/30,Tape,BOPP,39.52,CNY,109,Supplier Y
2023/5/31,Tape,BOPP,30.78,CNY,53,Supplier X
2023/6/1,Tape,BOPP,27.71,CNY,55,Supplier Z
2023/6/2,Tape,BOPP,29.88,CNY,90,Supplier Z
2023/6/3,Tape,BOPP,26.65,CNY,52,Supplier X
2023/6/4,Tape,BOPP,43.46,CNY,72,Supplier Y
2023/6/5,Tape,BOPP,24.01,CNY,161,Supplier Z
2023/6/6,Tape,BOPP,23.99,CNY,97,Supplier Y
2023/6/7,Tape,BOPP,26.61,CNY,175,Supplier Y
2023/6/8,Tape,BOPP,20.24,CNY,139,Supplier Y
2023/6/9,Tape,BOPP,20.16,CNY,108,Supplier Z
2023/6/10,Tape,BOPP,24.86,CNY,173,Supplier X
2023/6/11,Tape,BOPP,22.19,CNY,139,Supplier Y
2023/6/12,Tape,BOPP,38.81,CNY,173,Supplier X
2023/6/13,Tape,BOPP,34.3,CNY,113,Supplier X
2023/6/14,Tape,BOPP,23.14,CNY,195,Supplier X
2023/6/15,Tape,BOPP,26.16,CNY,167,Supplier X
2023/6/16,Tape,BOPP,26.01,CNY,128,Supplier X
2023/6/17,Tape,BOPP,38.45,CNY,71,Supplier Y
2023/6/18,Tape,BOPP,32.62,CNY,117,Supplier Z
2023/6/19,Tape,BOPP,31.69,CNY,115,Supplier Z
2023/6/20,Tape,BOPP,20.59,CNY,156,Supplier X
2023/6/21,Tape,BOPP,31.77,CNY,141,Supplier X
2023/6/22,Tape,BOPP,23.15,CNY,89,Supplier Y
2023/6/23,Tape,BOPP,35.08,CNY,193,Supplier Y
2023/6/24,Tape,BOPP,31.6,CNY,91,Supplier X
2023/6/25,Tape,BOPP,41.24,CNY,156,Supplier Z
2023/6/26,Tape,BOPP,20.34,CNY,145,Supplier X
2023/6/27,Tape,BOPP,33.7,CNY,179,Supplier Z
2023/6/28,Tape,BOPP,20.62,CNY,198,Supplier Y
2023/6/29,Tape,BOPP,30.16,CNY,85,Supplier X
2023/6/30,Tape,BOPP,40.94,CNY,197,Supplier Y
2023/7/1,Tape,BOPP,34.84,CNY,189,Supplier X
2023/7/2,Tape,BOPP,22.36,CNY,103,Supplier Z
2023/7/3,Tape,BOPP,27.47,CNY,92,Supplier X
2023/7/4,Tape,BOPP,22.3,CNY,81,Supplier X
2023/7/5,Tape,BOPP,33.72,CNY,71,Supplier Y
2023/7/6,Tape,BOPP,40.74,CNY,103,Supplier Z
2023/7/7,Tape,BOPP,31.91,CNY,178,Supplier X
2023/7/8,Tape,BOPP,29.12,CNY,157,Supplier X
2023/7/9,Tape,BOPP,35.48,CNY,190,Supplier X
2023/7/10,Tape,BOPP,24.91,CNY,91,Supplier Y
2023/7/11,Tape,BOPP,40.81,CNY,61,Supplier Z
2023/7/12,Tape,BOPP,33.08,CNY,68,Supplier Y
2023/7/13,Tape,BOPP,23.39,CNY,169,Supplier Z
2023/7/14,Tape,BOPP,28.43,CNY,100,Supplier X
2023/7/15,Tape,BOPP,27.58,CNY,165,Supplier Y
2023/7/16,Tape,BOPP,33.76,CNY,72,Supplier Y
2023/7/17,Tape,BOPP,28.48,CNY,63,Supplier Y
2023/7/18,Tape,BOPP,22.88,CNY,151,Supplier Y
2023/7/19,Tape,BOPP,30.37,CNY,56,Supplier Y
2023/7/20,Tape,BOPP,30.04,CNY,101,Supplier X
2023/7/21,Tape,BOPP,21.05,CNY,84,Supplier X
2023/7/22,Tape,BOPP,34.82,CNY,170,Supplier Y
2023/7/23,Tape,BOPP,22.02,CNY,97,Supplier Y
2023/7/24,Tape,BOPP,39.79,CNY,61,Supplier Y
2023/7/25,Tape,BOPP,41.88,CNY,136,Supplier Y
2023/7/26,Tape,BOPP,44.89,CNY,79,Supplier X
2023/7/27,Tape,BOPP,22.15,CNY,78,Supplier X
2023/7/28,Tape,BOPP,23.18,CNY,184,Supplier Z
2023/7/29,Tape,BOPP,34.7,CNY,162,Supplier Y
2023/7/30,Tape,BOPP,39.61,CNY,134,Supplier Z
2023/7/31,Tape,BOPP,34.29,CNY,199,Supplier X
2023/8/1,Tape,BOPP,36.66,CNY,64,Supplier Z
2023/8/2,Tape,BOPP,29.67,CNY,55,Supplier Z
2023/8/3,Tape,BOPP,24.85,CNY,181,Supplier Z
2023/8/4,Tape,BOPP,43.99,CNY,120,Supplier Z
2023/8/5,Tape,BOPP,43.65,CNY,159,Supplier X
2023/8/6,Tape,BOPP,26.15,CNY,170,Supplier Z
2023/8/7,Tape,BOPP,27.15,CNY,108,Supplier Z
2023/8/8,Tape,BOPP,20.56,CNY,116,Supplier Y
2023/8/9,Tape,BOPP,22.42,CNY,167,Supplier Y
2023/8/10,Tape,BOPP,43.06,CNY,163,Supplier Z
2023/8/11,Tape,BOPP,44.04,CNY,94,Supplier X
2023/8/12,Tape,BOPP,40.26,CNY,141,Supplier Z
2023/8/13,Tape,BOPP,43.93,CNY,148,Supplier Y
2023/8/14,Tape,BOPP,21.48,CNY,77,Supplier Z
2023/8/15,Tape,BOPP,42.68,CNY,114,Supplier Y
2023/8/16,Tape,BOPP,43.47,CNY,195,Supplier Z
2023/8/17,Tape,BOPP,25.62,CNY,137,Supplier Z
2023/8/18,Tape,BOPP,28.26,CNY,158,Supplier X
2023/8/19,Tape,BOPP,42.8,CNY,141,Supplier X
2023/8/20,Tape,BOPP,27.14,CNY,87,Supplier Y
2023/8/21,Tape,BOPP,21.52,CNY,68,Supplier Y
2023/8/22,Tape,BOPP,36.05,CNY,175,Supplier Z
2023/8/23,Tape,BOPP,35.29,CNY,122,Supplier X
2023/8/24,Tape,BOPP,34.85,CNY,70,Supplier Y
2023/8/25,Tape,BOPP,37.87,CNY,67,Supplier X
2023/8/26,Tape,BOPP,27.34,CNY,65,Supplier Z
2023/8/27,Tape,BOPP,36.58,CNY,51,Supplier X
2023/8/28,Tape,BOPP,21.23,CNY,159,Supplier X
2023/8/29,Tape,BOPP,25.24,CNY,190,Supplier X
2023/8/30,Tape,BOPP,35.51,CNY,113,Supplier Z
2023/8/31,Tape,BOPP,38.23,CNY,152,Supplier Y
2023/9/1,Tape,BOPP,25.81,CNY,108,Supplier Z
2023/9/2,Tape,BOPP,23.58,CNY,151,Supplier Z
2023/9/3,Tape,BOPP,27.92,CNY,132,Supplier Y
2023/9/4,Tape,BOPP,42.8,CNY,195,Supplier Z
2023/9/5,Tape,BOPP,26.09,CNY,175,Supplier Y
2023/9/6,Tape,BOPP,37.07,CNY,152,Supplier Y
2023/9/7,Tape,BOPP,37.63,CNY,105,Supplier Y
2023/9/8,Tape,BOPP,37.94,CNY,136,Supplier X
2023/9/9,Tape,BOPP,32.78,CNY,176,Supplier X
2023/9/10,Tape,BOPP,36.78,CNY,110,Supplier Z
2023/9/11,Tape,BOPP,44.04,CNY,64,Supplier Y
2023/9/12,Tape,BOPP,27.46,CNY,145,Supplier X
2023/9/13,Tape,BOPP,26.39,CNY,127,Supplier X
2023/9/14,Tape,BOPP,44.57,CNY,103,Supplier Y
2023/9/15,Tape,BOPP,39.63,CNY,84,Supplier X
2023/9/16,Tape,BOPP,21.15,CNY,181,Supplier X
2023/9/17,Tape,BOPP,43.02,CNY,65,Supplier Z
2023/9/18,Tape,BOPP,38.56,CNY,159,Supplier X
2023/9/19,Tape,BOPP,28.72,CNY,108,Supplier X
2023/9/20,Tape,BOPP,25.82,CNY,136,Supplier Y
2023/9/21,Tape,BOPP,28.53,CNY,88,Supplier X
2023/9/22,Tape,BOPP,33.37,CNY,116,Supplier Z
2023/9/23,Tape,BOPP,29.97,CNY,163,Supplier Z
2023/9/24,Tape,BOPP,25.87,CNY,177,Supplier Z
2023/9/25,Tape,BOPP,24.62,CNY,112,Supplier X
2023/9/26,Tape,BOPP,42.63,CNY,91,Supplier Y
2023/9/27,Tape,BOPP,28.01,CNY,159,Supplier Y
2023/9/28,Tape,BOPP,24.75,CNY,101,Supplier X
2023/9/29,Tape,BOPP,23.48,CNY,172,Supplier X
2023/9/30,Tape,BOPP,40.07,CNY,184,Supplier X
2023/10/1,Tape,BOPP,34.81,CNY,51,Supplier Y
2023/10/2,Tape,BOPP,36.14,CNY,107,Supplier Y
2023/10/3,Tape,BOPP,25.25,CNY,128,Supplier Z
2023/10/4,Tape,BOPP,32.59,CNY,171,Supplier X
2023/10/5,Tape,BOPP,35.71,CNY,83,Supplier X
2023/10/6,Tape,BOPP,40.21,CNY,184,Supplier X
2023/10/7,Tape,BOPP,34.91,CNY,198,Supplier Y
2023/10/8,Tape,BOPP,33.15,CNY,111,Supplier Z
2023/10/9,Tape,BOPP,22.75,CNY,62,Supplier Z
2023/10/10,Tape,BOPP,35.25,CNY,166,Supplier Y
2023/10/11,Tape,BOPP,41.22,CNY,145,Supplier X
2023/10/12,Tape,BOPP,25.14,CNY,134,Supplier X
2023/10/13,Tape,BOPP,34.98,CNY,66,Supplier X
2023/10/14,Tape,BOPP,42.02,CNY,58,Supplier X
2023/10/15,Tape,BOPP,30.59,CNY,141,Supplier X
2023/10/16,Tape,BOPP,27.48,CNY,125,Supplier X
2023/10/17,Tape,BOPP,35.03,CNY,95,Supplier Y
2023/10/18,Tape,BOPP,21.56,CNY,193,Supplier Y
2023/10/19,Tape,BOPP,38.73,CNY,92,Supplier Y
2023/10/20,Tape,BOPP,44.18,CNY,51,Supplier Y
2023/10/21,Tape,BOPP,26.3,CNY,147,Supplier Y
2023/10/22,Tape,BOPP,28.34,CNY,130,Supplier Y
2023/10/23,Tape,BOPP,41.39,CNY,127,Supplier Z
2023/10/24,Tape,BOPP,28.2,CNY,172,Supplier Y
2023/10/25,Tape,BOPP,25.17,CNY,102,Supplier Z
2023/10/26,Tape,BOPP,24.14,CNY,72,Supplier X
2023/10/27,Tape,BOPP,21.04,CNY,198,Supplier X
2023/10/28,Tape,BOPP,43.83,CNY,63,Supplier Y
2023/10/29,Tape,BOPP,22.53,CNY,164,Supplier X
2023/10/30,Tape,BOPP,35.43,CNY,181,Supplier Y
2023/10/31,Tape,BOPP,36.67,CNY,176,Supplier X
2023/11/1,Tape,BOPP,29.64,CNY,63,Supplier Y
2023/11/2,Tape,BOPP,32.56,CNY,178,Supplier Y
2023/11/3,Tape,BOPP,20.3,CNY,194,Supplier Z
2023/11/4,Tape,BOPP,35.35,CNY,175,Supplier Z
2023/11/5,Tape,BOPP,24.87,CNY,159,Supplier X
2023/11/6,Tape,BOPP,20.91,CNY,175,Supplier Z
2023/11/7,Tape,BOPP,22.51,CNY,133,Supplier Z
2023/11/8,Tape,BOPP,42.12,CNY,102,Supplier Y
2023/11/9,Tape,BOPP,27.13,CNY,196,Supplier Y
2023/11/10,Tape,BOPP,22.39,CNY,83,Supplier X
2023/11/11,Tape,BOPP,28.58,CNY,139,Supplier Z
2023/11/12,Tape,BOPP,41.52,CNY,51,Supplier Z
2023/11/13,Tape,BOPP,34.54,CNY,122,Supplier Z
2023/11/14,Tape,BOPP,23.28,CNY,192,Supplier Y
2023/11/15,Tape,BOPP,31.85,CNY,60,Supplier Y
2023/11/16,Tape,BOPP,25.09,CNY,117,Supplier Z
2023/11/17,Tape,BOPP,33.46,CNY,77,Supplier Z
2023/11/18,Tape,BOPP,36.92,CNY,127,Supplier Z
2023/11/19,Tape,BOPP,39.13,CNY,100,Supplier Y
2023/11/20,Tape,BOPP,27.07,CNY,189,Supplier Y
2023/11/21,Tape,BOPP,30.86,CNY,110,Supplier X
2023/11/22,Tape,BOPP,29.84,CNY,77,Supplier Y
2023/11/23,Tape,BOPP,36.59,CNY,66,Supplier Z
2023/11/24,Tape,BOPP,21.94,CNY,108,Supplier X
2023/11/25,Tape,BOPP,32.7,CNY,160,Supplier Z
2023/11/26,Tape,BOPP,41.61,CNY,162,Supplier Y
2023/11/27,Tape,BOPP,41.85,CNY,136,Supplier Y
2023/11/28,Tape,BOPP,40.99,CNY,196,Supplier Y
2023/11/29,Tape,BOPP,24.15,CNY,117,Supplier Z
2023/11/30,Tape,BOPP,24.48,CNY,171,Supplier Y
2023/12/1,Tape,BOPP,27.05,CNY,134,Supplier Y
2023/12/2,Tape,BOPP,30.36,CNY,89,Supplier Y
2023/12/3,Tape,BOPP,34.21,CNY,92,Supplier X
2023/12/4,Tape,BOPP,39.63,CNY,70,Supplier Z
2023/12/5,Tape,BOPP,34.5,CNY,106,Supplier X
2023/12/6,Tape,BOPP,22.06,CNY,116,Supplier X
2023/12/7,Tape,BOPP,29.82,CNY,166,Supplier X
2023/12/8,Tape,BOPP,24.04,CNY,91,Supplier Z
2023/12/9,Tape,BOPP,37.32,CNY,66,Supplier X
2023/12/10,Tape,BOPP,30.14,CNY,181,Supplier Y
2023/12/11,Tape,BOPP,32.88,CNY,106,Supplier Z
2023/12/12,Tape,BOPP,29.61,CNY,128,Supplier X
2023/12/13,Tape,BOPP,24.69,CNY,158,Supplier X
2023/12/14,Tape,BOPP,31.14,CNY,76,Supplier Y
2023/12/15,Tape,BOPP,23.29,CNY,186,Supplier Z
2023/12/16,Tape,BOPP,44.17,CNY,199,Supplier Z
2023/12/17,Tape,BOPP,29.66,CNY,50,Supplier Z
2023/12/18,Tape,BOPP,39.1,CNY,152,Supplier Y
2023/12/19,Tape,BOPP,20.07,CNY,168,Supplier Y
2023/12/20,Tape,BOPP,20.76,CNY,150,Supplier Y
2023/12/21,Tape,BOPP,21.72,CNY,142,Supplier X
2023/12/22,Tape,BOPP,26.78,CNY,118,Supplier Y
2023/12/23,Tape,BOPP,27.58,CNY,103,Supplier Z
2023/12/24,Tape,BOPP,41.12,CNY,55,Supplier X
2023/12/25,Tape,BOPP,28.23,CNY,71,Supplier Z
2023/12/26,Tape,BOPP,37.32,CNY,88,Supplier X
2023/12/27,Tape,BOPP,38.79,CNY,129,Supplier X
2023/12/28,Tape,BOPP,24.35,CNY,187,Supplier Y
2023/12/29,Tape,BOPP,27.76,CNY,90,Supplier Z
2023/12/30,Tape,BOPP,24.09,CNY,200,Supplier Z
2023/12/31,Tape,BOPP,40.86,CNY,98,Supplier X
2024/1/11,Tape,BOPP,42.27,CNY,169,Supplier Z
2024/1/12,Tape,BOPP,34.32,CNY,151,Supplier Y
2024/1/13,Tape,BOPP,22.55,CNY,164,Supplier Y
2024/1/14,Tape,BOPP,22.28,CNY,187,Supplier X
2024/1/15,Tape,BOPP,34.69,CNY,142,Supplier Y
2024/1/16,Tape,BOPP,34.91,CNY,139,Supplier X
2024/1/17,Tape,BOPP,37.24,CNY,154,Supplier Z
2024/1/18,Tape,BOPP,35.71,CNY,174,Supplier Z
2024/1/19,Tape,BOPP,36.51,CNY,51,Supplier Y
2024/1/20,Tape,BOPP,20.84,CNY,154,Supplier Z
2024/1/21,Tape,BOPP,32.09,CNY,73,Supplier Z
2024/1/22,Tape,BOPP,37.09,CNY,60,Supplier X
2024/1/23,Tape,BOPP,20.06,CNY,152,Supplier X
2024/1/24,Tape,BOPP,42.4,CNY,150,Supplier Z
2024/1/25,Tape,BOPP,37.1,CNY,81,Supplier X
2024/1/26,Tape,BOPP,34.36,CNY,129,Supplier Y
2024/1/27,Tape,BOPP,24.93,CNY,149,Supplier X
2024/1/28,Tape,BOPP,20.44,CNY,78,Supplier Y
2024/1/29,Tape,BOPP,24.59,CNY,191,Supplier Z
2024/1/30,Tape,BOPP,25.59,CNY,172,Supplier X
2024/1/31,Tape,BOPP,34.34,CNY,155,Supplier Y
2024/2/1,Tape,BOPP,26.7,CNY,78,Supplier X
2024/2/2,Tape,BOPP,27.49,CNY,124,Supplier Y
2024/2/3,Tape,BOPP,34.49,CNY,69,Supplier Y
2024/2/4,Tape,BOPP,36.97,CNY,101,Supplier X
2024/2/5,Tape,BOPP,21.54,CNY,82,Supplier Y
2024/2/6,Tape,BOPP,28.56,CNY,111,Supplier Z
2024/2/7,Tape,BOPP,40.52,CNY,186,Supplier Y
2024/2/8,Tape,BOPP,27.65,CNY,118,Supplier Y
2024/2/9,Tape,BOPP,23.2,CNY,167,Supplier Z
2024/2/10,Tape,BOPP,39.91,CNY,98,Supplier Y
2024/2/11,Tape,BOPP,35.67,CNY,95,Supplier Y
2024/2/12,Tape,BOPP,32.65,CNY,106,Supplier Z
2024/2/13,Tape,BOPP,20.48,CNY,89,Supplier Y
2024/2/14,Tape,BOPP,41.95,CNY,146,Supplier Z
2024/2/15,Tape,BOPP,31,CNY,166,Supplier X
2024/2/16,Tape,BOPP,21.32,CNY,67,Supplier Y
2024/2/17,Tape,BOPP,41.72,CNY,99,Supplier Y
2024/2/18,Tape,BOPP,31.6,CNY,119,Supplier Y
2024/2/19,Tape,BOPP,33.57,CNY,200,Supplier Z
2024/2/20,Tape,BOPP,27.56,CNY,58,Supplier Z
2024/2/21,Tape,BOPP,32.93,CNY,169,Supplier Z
2024/2/22,Tape,BOPP,44.11,CNY,170,Supplier Y
2024/2/23,Tape,BOPP,22.51,CNY,90,Supplier Y
2024/2/24,Tape,BOPP,40.01,CNY,78,Supplier Z
2024/2/25,Tape,BOPP,22.59,CNY,113,Supplier Z
2024/2/26,Tape,BOPP,23.99,CNY,127,Supplier X
2024/2/27,Tape,BOPP,39.24,CNY,114,Supplier X
2024/2/28,Tape,BOPP,36.81,CNY,172,Supplier Y
2024/2/29,Tape,BOPP,44.21,CNY,118,Supplier X
2024/3/1,Tape,BOPP,20.42,CNY,80,Supplier Z
2024/3/2,Tape,BOPP,34.98,CNY,107,Supplier X
2024/3/3,Tape,BOPP,36.68,CNY,74,Supplier Y
2024/3/4,Tape,BOPP,33.41,CNY,54,Supplier X
2024/3/5,Tape,BOPP,21.82,CNY,71,Supplier Z
2024/3/6,Tape,BOPP,41.66,CNY,65,Supplier Y
2024/3/7,Tape,BOPP,31.19,CNY,177,Supplier Y
2024/3/8,Tape,BOPP,23.17,CNY,56,Supplier Y
2024/3/9,Tape,BOPP,41.33,CNY,128,Supplier X
2024/3/10,Tape,BOPP,29.85,CNY,68,Supplier X
2024/3/11,Tape,BOPP,33.85,CNY,122,Supplier X
2024/3/12,Tape,BOPP,33.19,CNY,123,Supplier Y
2024/3/13,Tape,BOPP,20.88,CNY,65,Supplier Z
2024/3/14,Tape,BOPP,32.44,CNY,76,Supplier X
2024/3/15,Tape,BOPP,27.15,CNY,104,Supplier X
2024/3/16,Tape,BOPP,24.95,CNY,95,Supplier Z
2024/3/17,Tape,BOPP,32.33,CNY,73,Supplier X
2024/3/18,Tape,BOPP,23.18,CNY,86,Supplier Y
2024/3/19,Tape,BOPP,29.58,CNY,60,Supplier Z
2024/3/20,Tape,BOPP,27.12,CNY,150,Supplier X
2024/3/21,Tape,BOPP,35.96,CNY,99,Supplier Y
2024/3/22,Tape,BOPP,22.95,CNY,67,Supplier Z
2024/3/23,Tape,BOPP,24.37,CNY,157,Supplier Z
2024/3/24,Tape,BOPP,38.08,CNY,97,Supplier Y
2024/3/25,Tape,BOPP,31.25,CNY,170,Supplier Z
2024/3/26,Tape,BOPP,23.99,CNY,55,Supplier Y
2024/3/27,Tape,BOPP,32.69,CNY,184,Supplier Y
2024/3/28,Tape,BOPP,22.31,CNY,169,Supplier Y
2024/3/29,Tape,BOPP,43.02,CNY,125,Supplier X
2024/3/30,Tape,BOPP,26.57,CNY,165,Supplier X
2024/3/31,Tape,BOPP,42.22,CNY,102,Supplier Z
2024/4/1,Tape,BOPP,29.33,CNY,86,Supplier Y
2024/4/2,Tape,BOPP,43.9,CNY,157,Supplier X
2024/4/3,Tape,BOPP,36.11,CNY,188,Supplier Z
2024/4/4,Tape,BOPP,38.23,CNY,58,Supplier Z
2024/4/5,Tape,BOPP,22.15,CNY,196,Supplier Z
2024/4/6,Tape,BOPP,20.93,CNY,77,Supplier X
2024/4/7,Tape,BOPP,44.37,CNY,51,Supplier Y
2024/4/8,Tape,BOPP,31.32,CNY,150,Supplier Y
2024/4/9,Tape,BOPP,34.07,CNY,50,Supplier Z
2024/4/10,Tape,BOPP,22.13,CNY,186,Supplier Z
2024/4/11,Tape,BOPP,39.57,CNY,57,Supplier Z
2024/4/12,Tape,BOPP,29.4,CNY,89,Supplier Y
2024/4/13,Tape,BOPP,26.74,CNY,58,Supplier X
2024/4/14,Tape,BOPP,35.45,CNY,170,Supplier X
2024/4/15,Tape,BOPP,43.77,CNY,188,Supplier Y
2024/4/16,Tape,BOPP,26.08,CNY,105,Supplier X
2024/4/17,Tape,BOPP,36.8,CNY,151,Supplier Z
2024/4/18,Tape,BOPP,26.71,CNY,152,Supplier Z
2024/4/19,Tape,BOPP,31.46,CNY,126,Supplier Z
2024/4/20,Tape,BOPP,34.55,CNY,192,Supplier Z
2024/4/21,Tape,BOPP,25.23,CNY,126,Supplier Z
2024/4/22,Tape,BOPP,35.01,CNY,92,Supplier X
2024/4/23,Tape,BOPP,38.57,CNY,86,Supplier Z
2024/4/24,Tape,BOPP,23.51,CNY,161,Supplier Y
2024/4/25,Tape,BOPP,33.72,CNY,163,Supplier X
2024/4/26,Tape,BOPP,38.7,CNY,93,Supplier Z
2024/4/27,Tape,BOPP,38.38,CNY,55,Supplier Y
2024/4/28,Tape,BOPP,43.69,CNY,185,Supplier X
2024/4/29,Tape,BOPP,32.88,CNY,141,Supplier Y
2024/4/30,Tape,BOPP,20.53,CNY,172,Supplier Z
2024/5/1,Tape,BOPP,21.59,CNY,103,Supplier Y
2024/5/2,Tape,BOPP,35.02,CNY,167,Supplier X
2024/5/3,Tape,BOPP,40.29,CNY,195,Supplier X
2024/5/4,Tape,BOPP,36.19,CNY,172,Supplier X
2024/5/5,Tape,BOPP,38.74,CNY,89,Supplier Z
2024/5/6,Tape,BOPP,32.31,CNY,88,Supplier X
2024/5/7,Tape,BOPP,44.15,CNY,86,Supplier Z
2024/5/8,Tape,BOPP,22,CNY,171,Supplier Z
2024/5/9,Tape,BOPP,28.72,CNY,137,Supplier X
2024/5/10,Tape,BOPP,38.18,CNY,64,Supplier X
2024/5/11,Tape,BOPP,21.67,CNY,130,Supplier X
2024/5/12,Tape,BOPP,33.87,CNY,110,Supplier Y
2024/5/13,Tape,BOPP,37.86,CNY,117,Supplier Y
2024/5/14,Tape,BOPP,44.48,CNY,176,Supplier X
2024/5/15,Tape,BOPP,34.64,CNY,101,Supplier Z
2024/5/16,Tape,BOPP,27.08,CNY,102,Supplier X
2024/5/17,Tape,BOPP,37.43,CNY,167,Supplier X
2024/5/18,Tape,BOPP,43,CNY,133,Supplier X
2024/5/19,Tape,BOPP,38.49,CNY,173,Supplier Y
2024/5/20,Tape,BOPP,24.78,CNY,170,Supplier Y
2024/5/21,Tape,BOPP,22.94,CNY,194,Supplier X
2024/5/22,Tape,BOPP,40.46,CNY,149,Supplier Z
2024/5/23,Tape,BOPP,24.99,CNY,174,Supplier Z
2024/5/24,Tape,BOPP,40.46,CNY,85,Supplier Y
2024/5/25,Tape,BOPP,36.64,CNY,195,Supplier X
2024/5/26,Tape,BOPP,38.91,CNY,52,Supplier Z
2024/5/27,Tape,BOPP,24.74,CNY,106,Supplier Y
2024/5/28,Tape,BOPP,25.98,CNY,92,Supplier Y
2024/5/29,Tape,BOPP,28.98,CNY,179,Supplier X
2024/5/30,Tape,BOPP,39.82,CNY,175,Supplier X
2024/5/31,Tape,BOPP,41.47,CNY,73,Supplier X
2024/6/1,Tape,BOPP,38.81,CNY,92,Supplier X
2024/6/2,Tape,BOPP,25.19,CNY,187,Supplier Z
2024/6/3,Tape,BOPP,28.97,CNY,171,Supplier Y
2024/6/4,Tape,BOPP,30.16,CNY,159,Supplier X
2024/6/5,Tape,BOPP,22.46,CNY,154,Supplier Y
2024/6/6,Tape,BOPP,37.63,CNY,56,Supplier X
2024/6/7,Tape,BOPP,34.38,CNY,111,Supplier X
2024/6/8,Tape,BOPP,43.34,CNY,181,Supplier X
2024/6/9,Tape,BOPP,23.57,CNY,107,Supplier Z
2024/6/10,Tape,BOPP,42.06,CNY,186,Supplier Z
2024/6/11,Tape,BOPP,34.68,CNY,105,Supplier Z
2024/6/12,Tape,BOPP,27.01,CNY,100,Supplier Y
2024/6/13,Tape,BOPP,27.18,CNY,134,Supplier Y
2024/6/14,Tape,BOPP,44.73,CNY,155,Supplier Z
2024/6/15,Tape,BOPP,30,CNY,136,Supplier X
2024/6/16,Tape,BOPP,27.59,CNY,114,Supplier X
2024/6/17,Tape,BOPP,22.45,CNY,162,Supplier Y
2024/6/18,Tape,BOPP,39.71,CNY,130,Supplier Z
2024/6/19,Tape,BOPP,20.32,CNY,69,Supplier X
2024/6/20,Tape,BOPP,40.24,CNY,83,Supplier Z
2024/6/21,Tape,BOPP,32.94,CNY,193,Supplier X
2024/6/22,Tape,BOPP,42.6,CNY,163,Supplier Z
2024/6/23,Tape,BOPP,34.78,CNY,123,Supplier Y
2024/6/24,Tape,BOPP,34.98,CNY,127,Supplier Y
2024/6/25,Tape,BOPP,32.7,CNY,153,Supplier Z
2024/6/26,Tape,BOPP,33.31,CNY,72,Supplier Z
2024/6/27,Tape,BOPP,30.69,CNY,80,Supplier X
2024/6/28,Tape,BOPP,39.22,CNY,154,Supplier X
2024/6/29,Tape,BOPP,25.17,CNY,94,Supplier X
2024/6/30,Tape,BOPP,40.87,CNY,63,Supplier Y
2024/7/1,Tape,BOPP,30.54,CNY,68,Supplier Z
2024/7/2,Tape,BOPP,29.43,CNY,143,Supplier X
2024/7/3,Tape,BOPP,38.88,CNY,53,Supplier Z
2024/7/4,Tape,BOPP,25.26,CNY,133,Supplier Z
2024/7/5,Tape,BOPP,22.34,CNY,107,Supplier Z
2024/7/6,Tape,BOPP,29.57,CNY,175,Supplier Y
2024/7/7,Tape,BOPP,39.08,CNY,190,Supplier Y
2024/7/8,Tape,BOPP,31.7,CNY,133,Supplier Y
2024/7/9,Tape,BOPP,29.99,CNY,125,Supplier Z
2024/7/10,Tape,BOPP,41.26,CNY,64,Supplier Y
2024/7/11,Tape,BOPP,23.31,CNY,132,Supplier Y
2024/7/12,Tape,BOPP,27.58,CNY,104,Supplier X
2024/7/13,Tape,BOPP,26.02,CNY,199,Supplier Z
2024/7/14,Tape,BOPP,37.64,CNY,160,Supplier X
2024/7/15,Tape,BOPP,28.77,CNY,142,Supplier Z
2024/7/16,Tape,BOPP,26.26,CNY,171,Supplier X
2024/7/17,Tape,BOPP,42.56,CNY,100,Supplier X
2024/7/18,Tape,BOPP,32.33,CNY,93,Supplier Y
2024/7/19,Tape,BOPP,34.67,CNY,157,Supplier Z
2024/7/20,Tape,BOPP,39.6,CNY,74,Supplier Z
2024/7/21,Tape,BOPP,38.24,CNY,63,Supplier X
2024/7/22,Tape,BOPP,26.82,CNY,143,Supplier Y
2024/7/23,Tape,BOPP,31.5,CNY,139,Supplier Z
2024/7/24,Tape,BOPP,29.7,CNY,179,Supplier Z
2024/7/25,Tape,BOPP,40.14,CNY,117,Supplier Z
2024/7/26,Tape,BOPP,31.5,CNY,173,Supplier Z
2024/7/27,Tape,BOPP,22.14,CNY,122,Supplier X
2024/7/28,Tape,BOPP,42.24,CNY,153,Supplier X
2024/7/29,Tape,BOPP,32.15,CNY,154,Supplier Y
2024/7/30,Tape,BOPP,37.21,CNY,101,Supplier X
2024/7/31,Tape,BOPP,34.3,CNY,158,Supplier X
2024/8/1,Tape,BOPP,43.63,CNY,120,Supplier Y
2024/8/2,Tape,BOPP,38.46,CNY,106,Supplier X
2024/8/3,Tape,BOPP,23.31,CNY,113,Supplier Z
2024/8/4,Tape,BOPP,32.64,CNY,146,Supplier Z
2024/8/5,Tape,BOPP,32.96,CNY,64,Supplier Y
2024/8/6,Tape,BOPP,37.48,CNY,122,Supplier Z
2024/8/7,Tape,BOPP,42.17,CNY,68,Supplier X
2024/8/8,Tape,BOPP,25.26,CNY,66,Supplier X
2024/8/9,Tape,BOPP,24.39,CNY,138,Supplier X
2024/8/10,Tape,BOPP,40.24,CNY,180,Supplier Z
2024/8/11,Tape,BOPP,29.23,CNY,152,Supplier Y
2024/8/12,Tape,BOPP,43.59,CNY,72,Supplier X
2024/8/13,Tape,BOPP,22.53,CNY,120,Supplier Z
2024/8/14,Tape,BOPP,44.2,CNY,141,Supplier X
2024/8/15,Tape,BOPP,20.23,CNY,142,Supplier Z
2024/8/16,Tape,BOPP,35.33,CNY,63,Supplier Y
2024/8/17,Tape,BOPP,37.39,CNY,140,Supplier Z
2024/8/18,Tape,BOPP,26.63,CNY,188,Supplier Y
2024/8/19,Tape,BOPP,39.64,CNY,119,Supplier X
2024/8/20,Tape,BOPP,31.2,CNY,177,Supplier Z
2024/8/21,Tape,BOPP,41.88,CNY,198,Supplier X
2024/8/22,Tape,BOPP,33.19,CNY,90,Supplier Y
2024/8/23,Tape,BOPP,44.05,CNY,183,Supplier X
2024/8/24,Tape,BOPP,32.19,CNY,51,Supplier X
2024/8/25,Tape,BOPP,40.82,CNY,106,Supplier Y
2024/8/26,Tape,BOPP,29.06,CNY,73,Supplier X
2024/8/27,Tape,BOPP,26.15,CNY,194,Supplier Y
2024/8/28,Tape,BOPP,25.36,CNY,80,Supplier Z
2024/8/29,Tape,BOPP,44.82,CNY,129,Supplier Z
2024/8/30,Tape,BOPP,37.35,CNY,176,Supplier X
2024/8/31,Tape,BOPP,33.92,CNY,95,Supplier X
2024/9/1,Tape,BOPP,24.4,CNY,199,Supplier Z
2024/9/2,Tape,BOPP,23.85,CNY,186,Supplier X
2024/9/3,Tape,BOPP,30.56,CNY,106,Supplier X
2024/9/4,Tape,BOPP,44.68,CNY,136,Supplier Y
2024/9/5,Tape,BOPP,28.72,CNY,184,Supplier Z
2024/9/6,Tape,BOPP,23.21,CNY,183,Supplier Z
2024/9/7,Tape,BOPP,30.11,CNY,108,Supplier Z
2024/9/8,Tape,BOPP,26.35,CNY,70,Supplier Z
2024/9/9,Tape,BOPP,35.41,CNY,118,Supplier Y
2024/9/10,Tape,BOPP,38.36,CNY,123,Supplier Z
2024/9/11,Tape,BOPP,30.79,CNY,108,Supplier X
2024/9/12,Tape,BOPP,42.8,CNY,139,Supplier X
2024/9/13,Tape,BOPP,40.84,CNY,75,Supplier X
2024/9/14,Tape,BOPP,30.12,CNY,110,Supplier Y
2024/9/15,Tape,BOPP,42.54,CNY,146,Supplier X
2024/9/16,Tape,BOPP,20.96,CNY,129,Supplier Z
2024/9/17,Tape,BOPP,33.6,CNY,126,Supplier Z
2024/9/18,Tape,BOPP,30.09,CNY,118,Supplier Z
2024/9/19,Tape,BOPP,26.79,CNY,145,Supplier X
2024/9/20,Tape,BOPP,44.29,CNY,170,Supplier X
2024/9/21,Tape,BOPP,42.09,CNY,82,Supplier X
2024/9/22,Tape,BOPP,27.13,CNY,61,Supplier X
2024/9/23,Tape,BOPP,43.98,CNY,127,Supplier X
2024/9/24,Tape,BOPP,22.98,CNY,96,Supplier Y
2024/9/25,Tape,BOPP,40.77,CNY,74,Supplier X
2024/9/26,Tape,BOPP,39.49,CNY,143,Supplier Z
2024/9/27,Tape,BOPP,35.76,CNY,170,Supplier X
2024/9/28,Tape,BOPP,35.77,CNY,120,Supplier X
2024/9/29,Tape,BOPP,40.52,CNY,135,Supplier Y
2024/9/30,Tape,BOPP,25.59,CNY,141,Supplier X
2024/10/1,Tape,BOPP,20.03,CNY,76,Supplier X
2024/10/2,Tape,BOPP,31.11,CNY,90,Supplier Z
2024/10/3,Tape,BOPP,40.26,CNY,185,Supplier Z
2024/10/4,Tape,BOPP,34.51,CNY,82,Supplier Z
2024/10/5,Tape,BOPP,25.28,CNY,112,Supplier X
2024/10/6,Tape,BOPP,43.16,CNY,140,Supplier X
2024/10/7,Tape,BOPP,37.03,CNY,186,Supplier X
2024/10/8,Tape,BOPP,42.16,CNY,191,Supplier Z
2024/10/9,Tape,BOPP,20.6,CNY,126,Supplier X
2024/10/10,Tape,BOPP,27.99,CNY,51,Supplier Y
2024/10/11,Tape,BOPP,38.83,CNY,53,Supplier X
2024/10/12,Tape,BOPP,35.54,CNY,118,Supplier X
2024/10/13,Tape,BOPP,41.77,CNY,126,Supplier X
2024/10/14,Tape,BOPP,43.36,CNY,146,Supplier X
2024/10/15,Tape,BOPP,34.49,CNY,64,Supplier Z
2024/10/16,Tape,BOPP,37.97,CNY,123,Supplier X
2024/10/17,Tape,BOPP,37.24,CNY,133,Supplier X
2024/10/18,Tape,BOPP,20.78,CNY,103,Supplier Y
2024/10/19,Tape,BOPP,31.18,CNY,161,Supplier Z
2024/10/20,Tape,BOPP,44.64,CNY,99,Supplier Z
2024/10/21,Tape,BOPP,30.61,CNY,156,Supplier Y
2024/10/22,Tape,BOPP,34.1,CNY,139,Supplier Z
2024/10/23,Tape,BOPP,23.34,CNY,169,Supplier Z
2024/10/24,Tape,BOPP,40.38,CNY,87,Supplier X
2024/10/25,Tape,BOPP,22.02,CNY,62,Supplier Z
2024/10/26,Tape,BOPP,29.45,CNY,62,Supplier Z
2024/10/27,Tape,BOPP,28.36,CNY,150,Supplier Z
2024/10/28,Tape,BOPP,35.96,CNY,89,Supplier Z
2024/10/29,Tape,BOPP,29.8,CNY,174,Supplier X
2024/10/30,Tape,BOPP,41.4,CNY,106,Supplier Z
2024/10/31,Tape,BOPP,22.88,CNY,150,Supplier Z
2024/11/1,Tape,BOPP,25.58,CNY,164,Supplier Y
2024/11/2,Tape,BOPP,43.51,CNY,156,Supplier Z
2024/11/3,Tape,BOPP,31.29,CNY,143,Supplier Z
2024/11/4,Tape,BOPP,40.34,CNY,50,Supplier Z
2024/11/5,Tape,BOPP,25.91,CNY,62,Supplier Z
2024/11/6,Tape,BOPP,32.35,CNY,184,Supplier X
2024/11/7,Tape,BOPP,32.39,CNY,161,Supplier Z
2024/11/8,Tape,BOPP,24.95,CNY,174,Supplier X
2024/11/9,Tape,BOPP,27.44,CNY,163,Supplier Z
2024/11/10,Tape,BOPP,36.34,CNY,199,Supplier X
2024/11/11,Tape,BOPP,22.62,CNY,193,Supplier Z
2024/11/12,Tape,BOPP,32.59,CNY,165,Supplier X
2024/11/13,Tape,BOPP,30.39,CNY,146,Supplier Z
2024/11/14,Tape,BOPP,40.28,CNY,141,Supplier Z
2024/11/15,Tape,BOPP,20.06,CNY,145,Supplier X
2024/11/16,Tape,BOPP,30.91,CNY,144,Supplier Y
2024/11/17,Tape,BOPP,41.59,CNY,160,Supplier X
2024/11/18,Tape,BOPP,26.56,CNY,68,Supplier Z
2024/11/19,Tape,BOPP,24.1,CNY,104,Supplier Z
2024/11/20,Tape,BOPP,42.34,CNY,144,Supplier Z
2024/11/21,Tape,BOPP,20.65,CNY,78,Supplier Y
2024/11/22,Tape,BOPP,20.9,CNY,56,Supplier X
2024/11/23,Tape,BOPP,40.12,CNY,140,Supplier Z
2024/11/24,Tape,BOPP,27.44,CNY,57,Supplier X
2024/11/25,Tape,BOPP,31.38,CNY,155,Supplier Z
2024/11/26,Tape,BOPP,21.41,CNY,127,Supplier X
2024/11/27,Tape,BOPP,26.8,CNY,70,Supplier Y
2024/11/28,Tape,BOPP,30.15,CNY,150,Supplier X
2024/11/29,Tape,BOPP,29.46,CNY,70,Supplier Y
2024/11/30,Tape,BOPP,44.49,CNY,163,Supplier Y
2024/12/1,Tape,BOPP,31.79,CNY,125,Supplier Z
2024/12/2,Tape,BOPP,40.03,CNY,50,Supplier Z
2024/12/3,Tape,BOPP,23.07,CNY,53,Supplier Y
2024/12/4,Tape,BOPP,25.95,CNY,65,Supplier X
2024/12/5,Tape,BOPP,37.15,CNY,136,Supplier X
2024/12/6,Tape,BOPP,43.79,CNY,66,Supplier X
2024/12/7,Tape,BOPP,21.3,CNY,117,Supplier Y
2024/12/8,Tape,BOPP,42.84,CNY,123,Supplier X
2024/12/9,Tape,BOPP,29.65,CNY,117,Supplier Z
2024/12/10,Tape,BOPP,37.12,CNY,65,Supplier Y
2024/12/11,Tape,BOPP,27.82,CNY,196,Supplier Y
2024/12/12,Tape,BOPP,36.37,CNY,74,Supplier Z
2024/12/13,Tape,BOPP,33,CNY,51,Supplier Y
2024/12/14,Tape,BOPP,33.47,CNY,187,Supplier Y
2024/12/15,Tape,BOPP,37.72,CNY,172,Supplier Z
2024/12/16,Tape,BOPP,43.58,CNY,169,Supplier Z
2024/12/17,Tape,BOPP,44.07,CNY,144,Supplier X
2024/12/18,Tape,BOPP,30.91,CNY,114,Supplier Y
2024/12/19,Tape,BOPP,25.9,CNY,100,Supplier Z
2024/12/20,Tape,BOPP,44.9,CNY,105,Supplier X
2024/12/21,Tape,BOPP,20.49,CNY,119,Supplier X
2024/12/22,Tape,BOPP,37.09,CNY,172,Supplier Z
2024/12/23,Tape,BOPP,23.18,CNY,112,Supplier X
2024/12/24,Tape,BOPP,29.17,CNY,75,Supplier Z
2024/12/25,Tape,BOPP,24.81,CNY,56,Supplier X
2024/12/26,Tape,BOPP,30.58,CNY,137,Supplier X
2024/12/27,Tape,BOPP,42.73,CNY,181,Supplier Y
2024/12/28,Tape,BOPP,30.29,CNY,103,Supplier Z
2024/12/29,Tape,BOPP,43.04,CNY,67,Supplier Y
2024/12/30,Tape,BOPP,22.14,CNY,108,Supplier Y
